contact_id,firstname,lastname,email,phone
25,Elroy,Kelly,,(696) 235-3927
30,Jc,Sanders,,(696) 236-5107
53,Eduardo,Griffin,,(696) 233-9896
56,Harley,Phillips,,(696) 236-7407
59,Del,Bailey,,(696) 235-5147
135,Johnnie,Torres,,(696) 236-6102
6,Ed,Wright,,(696) 235-5115
15,Dewayne,Hill,,(696) 234-9047
148,Greg's House of Pancakes,,,
198,Horace,Hernandez,,(696) 236-0776
40,Merrill,Scott,,(696) 236-7510
42,Jackie,Anderson,,(696) 234-4042
3,Rubin,Perez,,(696) 235-8437
10,Barry,Young,,(696) 235-0733
29,Vicente,Kelly,,(696) 236-7430
39,Refugio,Butler,,(696) 235-2210
38,Nathaniel,Hall,,(696) 234-8103
57,Israel,King,,(696) 233-8902
62,Jeremy,Price,,(696) 234-7943
68,Eddie,Mitchell,,(696) 237-1010
26,Patrick,Stewart,,(696) 235-1458
28,Chad,Howard,,(696) 235-7096
32,Ernesto,Torres,,(696) 236-4110
65,Shelton,Cooper,,(696) 235-7924
69,Mauro,Edwards,,(696) 234-9658
122,Hollis,Hernandez,,(696) 236-0776
5,Eugene,Ward,,(696) 235-6400
14,Wiley,Stewart,,(696) 233-9446
11,Billy,Coleman,,(696) 235-8535
205,Jamal,Moore,,(696) 235-5131
52,Thurman,Bell,,(696) 233-6714
71,Rodney,Bailey,,(696) 237-6119
76,Prudence,Randolphson,,236-9874
16,Theodore,Cooper,,(696) 233-5402
50,Nolan,Clark,,(696) 235-7605
44,Dean,Williams,,(696) 235-4000
51,Jeramy,Kelly,,(696) 233-6501
120,Arnold,Richardson,,(696) 236-1888
147,Resolution Trust Corp,,,
23,Conrad,Hughes,,(696) 236-3933
43,Hal,Griffin,,(696) 235-8448
54,Avery,Gray,,(696) 236-3766
149,Bill's Balloon Bonanza,,banana@fullofhotair.com,
18,Jackie,Diaz,,(696) 234-2708
35,Vern,Thompson,,(696) 235-6142
33,Marty,Roberts,,(696) 235-6697
150,Willie,,,
7,Bernardo,Collins,,(696) 234-8269
22,Dusty,Kelly,,(696) 234-6128
55,Bruno,Ramirez,,(696) 233-6664
2,Kim,Cox,,(696) 233-8027
36,Anibal,Bailey,,(696) 235-0973
24,Moses,Griffin,,(696) 236-3324
27,Ezekiel,Bryant,,(696) 235-7959
58,Brock,Nelson,,(696) 234-3655
63,Stephan,Griffin,,(696) 234-5777
67,Cleo,Hernandez,,(696) 237-6089
72,Aron,Wilson,,(696) 235-2476
1,Eldon,Roberts,,(696) 235-8654
20,Roman,Perez,,(696) 235-1392
73,Bill,Banana,banana@fullofhotair.com,
226,Ralph,,bill.lease@xc2software.com,(415) 555-1212
19,Rashad,Martin,,(696) 233-6252
21,Tyrell,Morris,,(696) 234-8826
31,Rich,White,,(696) 233-8816
37,Pablo,Cox,,(696) 234-7874
45,Jerrell,Hill,,(696) 235-5894
47,Norberto,Bell,,(696) 235-6245
0,Al,Bailey,,(696) 233-9231
13,Claudio,Perez,,(696) 234-2473
61,Tom,Hayes,,(696) 236-2804
66,Newton,Robinson,,(696) 237-5648
70,Lonnie,Jones,,(696) 234-7735
8,Ariel,Carter,,(696) 236-0940
12,Darrell,Turner,,(696) 236-0307
17,Cole,Jones,,(696) 235-0598
34,Otto,Allen,,(696) 235-4888
49,Warren,Alexander,,(696) 234-8061
60,Sherman,Davis,,(696) 234-5955
64,Bobby,Flores,,(696) 235-2761
4,Terry,Perez,,(696) 235-5942
9,Felton,Torres,,(696) 234-6148
48,Stuart,Sanchez,,(696) 234-7489
74,Bill,Horton,,
41,Rodrick,Davis,,(696) 234-2782
46,Dylan,Hall,,(696) 233-7493
